{"count":1,"self":852.83205119999991,"total":63876.995471999995,"children":{"InitializeActuators":{"count":1,"self":0.00094699999999999993,"total":0.00094699999999999993,"children":null},"InitializeSensors":{"count":1,"self":0.002288,"total":0.002288,"children":null},"AgentSendState":{"count":6611995,"self":6411.4569216,"total":8036.194377,"children":{"CollectObservations":{"count":2203998,"self":1.62802,"total":1.62802,"children":null},"WriteActionMask":{"count":2203998,"self":0.869393,"total":0.869393,"children":null},"RequestDecision":{"count":2203998,"self":1.7098119999999999,"total":1622.240239,"children":{"AgentInfo.ToProto":{"count":2203998,"self":3.7299607999999997,"total":1620.530427,"children":{"GenerateSensorData":{"count":2203998,"self":28.016486399999998,"total":1616.800466,"children":{"CameraSensor.GetCompressedObservation":{"count":4407996,"self":1588.7840256,"total":1588.783981,"children":null}}}}}}}}},"DecideAction":{"count":6611995,"self":54985.6280576,"total":54985.630177,"children":null},"AgentAct":{"count":6611995,"self":2.334721,"total":2.334721,"children":null}},"gauges":{},"metadata":{"timer_format_version":"0.1.0","start_time_seconds":"1709009197","unity_version":"2022.3.4f1","command_line_arguments":"\/home\/isarbout\/Documents\/Unity\/maze_eccv_train\/maze.x86_64 --mlagents-port 5005","communication_protocol_version":"1.5.0","com.unity.ml-agents_version":"3.0.0-exp.1","scene_name":"training_v3","end_time_seconds":"1709073074"}}